decade,count,mean,median,stddev,mean_minus_stddev,mean_plus_stddev
1970,4,-0.141375,-0.11475,0.14240559738530878,-0.2837805973853088,0.001030597385308779
1980,28,-0.1022140022675737,-0.09875000000000002,0.12248319654411415,-0.22469719881168784,0.020269194276540448
1990,61,-0.054275631017434295,-0.04199999999999998,0.13947623311066626,-0.19375186412810055,0.08520060209323196
2000,134,-0.11232892087183131,-0.08300000000000002,0.1621816271180471,-0.2745105479898784,0.04985270624621578
2010,163,-0.018092852273833865,-0.018666666666666665,0.13118543405852146,-0.14927828633235532,0.11309258178468759
