decade,count,mean,median,stddev,mean_minus_stddev,mean_plus_stddev
1960,22,0.2972727272727273,0.28500000000000003,0.11398336629617407,0.18328936097655324,0.41125609356890136
1970,173,0.308728323699422,0.28,0.1971706885265509,0.1115576351728711,0.5058990122259729
1980,452,0.2706637168141593,0.22,0.1832231799460018,0.0874405368681575,0.4538868967601611
1990,1121,0.2873505798394291,0.24,0.22892300487851786,0.05842757496091122,0.5162735847179469
2000,1535,0.22342671009771986,0.17,0.1829744382388356,0.04045227185888425,0.4064011483365555
2010,1013,0.21953603158933863,0.17,0.18093597762429853,0.0386000539650401,0.4004720092136371
